<?xml version="1.0" encoding="UTF-8"?>
<project xmlns="http://maven.apache.org/POM/4.0.0" xmlns:xsi="http://www.w3.org/2001/XMLSchema-instance" xsi:schemaLocation="http://maven.apache.org/POM/4.0.0 http://maven.apache.org/maven-v4_0_0.xsd">
  <modelVersion>4.0.0</modelVersion>
  <groupId>com.mycompany</groupId>
  <artifactId>practica_7_3</artifactId>
  <version>1.0-SNAPSHOT</version>
  <build>
    <plugins>
      <plugin>
        <groupId>org.openjfx</groupId>
        <artifactId>javafx-maven-plugin</artifactId>
        <version>0.0.4</version>
        <executions>
          <execution>
            <id>default-cli</id>
          </execution>
          <execution>
            <id>debug</id>
            <configuration>
              <options>
                <option>-agentlib:jdwp=transport=dt_socket,server=y,suspend=y,address=localhost:8000</option>
              </options>
            </configuration>
          </execution>
          <execution>
            <id>ide-debug</id>
            <configuration>
              <options>
                <option>-agentlib:jdwp=transport=dt_socket,server=n,address=${jpda.address}</option>
              </options>
            </configuration>
          </execution>
          <execution>
            <id>ide-profile</id>
            <configuration>
              <options>
                <option>${profiler.jvmargs.arg1}</option>
                <option>${profiler.jvmargs.arg2}</option>
                <option>${profiler.jvmargs.arg3}</option>
                <option>${profiler.jvmargs.arg4}</option>
                <option>${profiler.jvmargs.arg5}</option>
              </options>
            </configuration>
          </execution>
        </executions>
        <configuration>
          <mainClass>Controlador.App</mainClass>
        </configuration>
      </plugin>
      <plugin>
        <artifactId>maven-compiler-plugin</artifactId>
        <version>3.11.0</version>
      </plugin>
      <plugin>
        <artifactId>maven-shade-plugin</artifactId>
        <version>3.4.1</version>
        <executions>
          <execution>
            <phase>package</phase>
            <goals>
              <goal>shade</goal>
            </goals>
          </execution>
        </executions>
        <configuration>
          <transformers>
            <transformer>
              <mainClass>Controlador.App</mainClass>
            </transformer>
          </transformers>
          <filters>
            <filter>
              <artifact>*:*</artifact>
              <excludes>
                <exclude>META-INF/*.SF</exclude>
                <exclude>META-INF/*.DSA</exclude>
                <exclude>META-INF/*.RSA</exclude>
                <exclude>META-INF/*.EC</exclude>
              </excludes>
            </filter>
          </filters>
        </configuration>
      </plugin>
      <plugin>
        <groupId>com.akathist.maven.plugins.launch4j</groupId>
        <artifactId>launch4j-maven-plugin</artifactId>
        <version>2.3.2</version>
        <executions>
          <execution>
            <id>l4j-clui</id>
            <phase>package</phase>
            <goals>
              <goal>launch4j</goal>
            </goals>
            <configuration>
              <headerType>gui</headerType>
              <outfile>${project.build.directory}/calculadora.exe</outfile>
              <classPath>
                <mainClass>Controlador.App</mainClass>
                <jarLocation>%EXEDIR%/lib/</jarLocation>
              </classPath>
              <icon>src/main/resources/Vista/icon.ico</icon>
              <singleInstance>
                <mutexName>myApp</mutexName>
              </singleInstance>
              <jre>
                <minVersion>1.8.0_361</minVersion>
                <path>C:\Program Files\Java\jre1.8.0_361</path>
              </jre>
              <versionInfo>
                <fileVersion>1.0.0.0</fileVersion>
                <txtFileVersion>versión 1.0</txtFileVersion>
                <fileDescription>Calculadora</fileDescription>
                <copyright>Jaime de la fUENTE</copyright>
                <productVersion>1.0.0.0</productVersion>
                <txtProductVersion>Calculadora</txtProductVersion>
                <productName>Calculadora</productName>
                <internalName>app</internalName>
                <originalFilename>Calculadora.exe</originalFilename>
              </versionInfo>
            </configuration>
          </execution>
        </executions>
      </plugin>
    </plugins>
  </build>
  <properties>
    <maven.compiler.target>19</maven.compiler.target>
    <maven.compiler.source>19</maven.compiler.source>
    <project.build.sourceEncoding>UTF-8</project.build.sourceEncoding>
  </properties>
</project>
